{"stat.walkOneCm":78284,"stat.useItem.minecraft.lever":84,"stat.pickup.minecraft.redstone_torch":77,"stat.useItem.minecraft.repeater":312,"stat.leaveGame":46,"stat.drop.minecraft.redstone":64,"stat.drop.minecraft.wool":1,"stat.jump":70,"stat.useItem.minecraft.sand":12,"stat.useItem.minecraft.redstone":4876,"stat.crouchOneCm":411,"stat.useItem.minecraft.redstone_torch":469,"stat.sprintOneCm":146,"stat.useItem.minecraft.stone_slab2":13,"stat.drop.minecraft.lever":1,"stat.pickup.minecraft.repeater":2,"stat.flyOneCm":3918114,"stat.pickup.minecraft.lever":4,"stat.drop":66,"stat.playOneMinute":450943,"stat.sneakTime":10292,"stat.pickup.minecraft.wool":1,"stat.pickup.minecraft.redstone":240,"stat.useItem.minecraft.wool":4438,"stat.timeSinceDeath":450943,"stat.useItem.minecraft.sign":11,"stat.useItem.minecraft.sandstone":21}