{"stat.drop.minecraft.repeater":6,"stat.drop.minecraft.redstone_torch":1,"stat.walkOneCm":147046,"stat.pickup.minecraft.redstone_torch":1,"stat.pickup.minecraft.repeater":5,"stat.useItem.minecraft.repeater":15,"stat.leaveGame":17,"stat.flyOneCm":2047619,"stat.pickup.minecraft.sandstone":1,"stat.pickup.minecraft.concrete":1,"stat.drop":8,"stat.drop.minecraft.sandstone":1,"stat.jump":520,"stat.playOneMinute":284319,"stat.sneakTime":11154,"stat.pickup.minecraft.wool":1,"stat.crouchOneCm":5627,"stat.timeSinceDeath":284319,"stat.sprintOneCm":64152,"stat.useItem.minecraft.stone_slab2":3671}